company_name,prospect_name,title,phone,email,location,summary,job_id
Sodexo,,,,,Perth WA,,11077259
Evolve Talent,,,,,Perth WA,,46902007
Niche Resources,,,,,Perth WA,,45098533
Cater Care,,,,,Perth WA,,62068515
Techforce Personnel,,,,,Perth WA,,30603097
Pindari,,,,,Perth WA,,24696686
Flanco,,,,,Perth WA,,37899680
Connect Resources,,,,,"Perth Airport, Perth WA",,39980227
GEM Resourcing,,,,,Perth WA,,61970942
Itch Recruitment,,,,,Perth WA,,28220173
Eastern Guruma,,,,,Perth WA,,30365279
Scotford Fennessy,,,,,Perth WA,,5345682
SNP RECRUITMENT PTY LTD,,,,,Perth WA,,63429373
True resources,,,,,Perth WA,,44280503
Skill Hire,,,,,Perth WA,,55756419
Hagstrom Drilling,,,,,Perth WA,,21217180
subClassification: Mining - Exploration &amp; Geoscience,,subClassification: Mining - Exploration &amp; Geoscience,,,subClassification: Mining - Exploration &amp; Geoscience,subClassification: Mining - Exploration &amp; Geoscience,89148066
